slug,course (already on site),duration (already on site),level (already on site),who is it for? (fill in),entry requirements (fill in),certification awarded (fill in)
advanced-diploma-software-engineering,Advanced Diploma in Software Engineering,2 years,Professional / Advanced,,,
smart-pro,Smart Pro,Foundation (146 hrs) + a 200-hour specialisation,Professional,,,
aptech-certified-network-specialist,Aptech Certified Network Specialist,4 terms · 692 instructional hours,Professional,,,
ms-office-2019-office-automation,MS Office 2019 Office Automation,1 Month,Beginner,,,
responsive-web-development,Responsive Web Development,4 Months,Beginner to Intermediate,,,
advanced-excel-2019,Advanced Excel 2019,1 Month,Intermediate,,,
graphics-design,Graphics Design,2 Months,Beginner to Intermediate,,,
linux,Linux,1 Month,Beginner to Intermediate,,,
python-django,Python (Django),3 Months,Intermediate,,,
java-i-ii,Java I & II,2 Months,Beginner to Intermediate,,,
windows-server-admin,Windows Server Admin,1 Month,Intermediate,,,
data-mgt-sql-server-2016,Data Management — SQL Server 2016,4 Months,Intermediate,,,
